,don_age,1.don_gender,2b.don_gender,1.don_race,2.don_race,3b.don_race
don_age,0.000171689,0.000333131,0,0.000755353,0,0
1.don_gender,0.000333131,0.094408642,0,0.000109265,0,0
2b.don_gender,0,0,0,0,0,0
1.don_race,0.000755353,0.000109265,0,0.153342826,0,0
2.don_race,0,0,0,0,0,0
3b.don_race,0,0,0,0,0,0
# flick 20250409213614-ZF1C
# flick 20250409214219-72jp
# flick 20250409214636-WpBo
# flick 20250409220131-K6RN
# flick 20250410003327-Ggy8
# flick 20250410003640-NA4o
# flick 20250410004047-WQn6
# flick 20250410005847-AIeq
# flick 20250410013247-vu72
# flick 20250410031439-f7EL
# flick 20250410140619-POsW
# flick 20250410144301-ymL4
# flick 20250410152849-f3Sn
# flick 20250410154741-k1Y5
# flick 20250410201242-ATyy
# flick 20250410202642-kYDQ
# flick 20250410204402-w2C3
# flick 20250413011053-NwDK
# flick 20250413011338-tXIU
# flick 20250413171243-5xoh
# flick 20250414003212-g1qB
# flick 20250414042546-vHlh
# flick 20250414181114-UwdI
# flick 20250415191554-hYGu
# flick 20250415194338-jWvn
# flick 20250415200842-rs6j
# flick 20250415225607-ZCvJ
# flick 20250415230812-8mFE
# flick 20250415233204-FC2a
# flick 20250416025011-Q4f8
# flick 20250416031041-XYYG
# flick 20250416155841-e9Jl
# flick 20250416160548-FUZC
# flick 20250416163657-Pkbi
# flick 20250416222627-7IVB
# flick 20250417033847-odO6
# flick 20250417193144-FTQZ
# flick 20250418040652-p9Pc
# flick 20250422032348-3UF6
# flick 20250422042015-Zvav
# flick 20250422211722-X99m
# flick 20250422235231-JXf9
# flick 20250428113620-ByFS
