,1.agecat,2.agecat,3b.agecat,1.don_gender,2b.don_gender,1.don_race,2.don_race,3b.don_race
1.agecat,0.151042227,0.112033553,0,-0.007211498,0,-0.018909721,0,0
2.agecat,0.112033553,0.194802778,0,-8.21001E-05,0,-0.007397859,0,0
3b.agecat,0,0,0,0,0,0,0,0
1.don_gender,-0.007211498,-8.21001E-05,0,0.094354606,0,-0.000123559,0,0
2b.don_gender,0,0,0,0,0,0,0,0
1.don_race,-0.018909721,-0.007397859,0,-0.000123559,0,0.152779821,0,0
2.don_race,0,0,0,0,0,0,0,0
3b.don_race,0,0,0,0,0,0,0,0
# flick 20250409213614-uL5O
# flick 20250409214219-7w85
# flick 20250409214636-40za
# flick 20250409220943-Orzt
# flick 20250409230559-PBez
# flick 20250409231151-3P1n
# flick 20250409234307-gZkZ
# flick 20250410003323-0hn0
# flick 20250410004712-F0fC
# flick 20250410010500-YiwR
# flick 20250410013246-PEJq
# flick 20250410030142-hLDJ
# flick 20250410032004-LtT9
# flick 20250410134052-6r0a
# flick 20250410141343-4GpL
# flick 20250410145603-2Ocy
# flick 20250410163052-yQ0D
# flick 20250410204359-cdrD
# flick 20250410205732-EoH8
# flick 20250410232150-Cz6y
# flick 20250410235824-unS5
# flick 20250411000243-Vgsk
# flick 20250413214014-sKOS
# flick 20250414041737-UaF7
# flick 20250414181111-uPNq
# flick 20250415193035-E8zw
# flick 20250415193507-86F3
# flick 20250415200146-KBGd
# flick 20250415220600-2fgM
# flick 20250415223235-6nOK
# flick 20250415225606-xaji
# flick 20250416025013-fjGq
# flick 20250416031038-Pprb
# flick 20250416150453-4qOu
# flick 20250416152306-r1Uf
# flick 20250416165916-5sZd
# flick 20250416180326-pm1m
# flick 20250416185340-qDTX
# flick 20250416191900-8lUp
# flick 20250416212950-BjgK
# flick 20250416215307-Mzz7
# flick 20250416230551-j4Si
# flick 20250416234857-B9ba
# flick 20250417001815-TOLD
# flick 20250417002612-QC8M
# flick 20250417183915-forw
# flick 20250417192642-F2tT
# flick 20250417210324-y4Gz
# flick 20250418022525-yokA
# flick 20250418025025-imQZ
# flick 20250422004341-gkio
# flick 20250422211721-U4kz
# flick 20250423014059-mdhL
# flick 20250423021931-cfje
# flick 20250423195957-uunw
